F-statistic,p-value
14.354264556779958,8.533076137495991e-07
