Group1: 1, Group2: 2
t-statistic,p-value
2.524088680844015,0.01189421179383136
